"Table with row headings in Column B and column headings are in rows 4-7, 89-92, 174-177, 259-262, 344-347. Leading dots indicate sub-parts.",,,,,,,,,,,,,,,,,,,
Table 4. Rental Vacancy Rates for the 75 Largest Metropolitan Statistical Areas: 2015 to 2020,,,,,,,,,,,,,,,,,,,
,,,,,,,,,,,,,,,,,,,
,Metropolitan Statistical Area,First         Quarter       2020,Margin of Error1,Second         Quarter       2020,Margin of Error1,Third         Quarter       2020,Margin of Error1,Fourth         Quarter       2020,Margin of Error1,,,,,,,,,,
,,,,,,,,,,,,,,,,,,,
,,,,,,,,,,,,,,,,,,,
,,,,,,,,,,,,,,,,,,,
,,,,,,,,,,,,,,,,,,,
,"Akron, OH ................................................................................................................",10.2,9.2,8.1,8.5,3.3,5.3,3.6,5.0,,,,,,,,,,
,"Albany-Schenectady-Troy, NY .....................................................................",7.9,6.7,6.7,5.6,10.1,7.1,15.3,10.2,,,,,,,,,,
,"Albuquerque, NM...................................................................................................",4.3,2.8,6.9,4.0,6.8,3.4,4.1,2.5,,,,,,,,,,
,"Allentown-Bethlehem-Easton, PA-NJ..................................................................",4.5,5.9,5.6,6.6,2.9,4.2,2.5,4.9,,,,,,,,,,
**,"Atlanta-Sandy Springs-Roswell, GA1....................................................",6.9,2.5,5.1,2.3,5.8,2.4,7.7,2.7,,,,,,,,,,
,"Austin-Round Rock, TX.....................................................................................................",6.4,4.1,9.8,5.3,7.8,5.4,3.0,2.9,,,,,,,,,,
*,"Baltimore-Columbia-Towson, MD2.....................................................................................................",4.7,3.3,6.1,3.8,9.6,4.7,8.0,4.5,,,,,,,,,,
,"Baton Rouge, LA……………………………………….",5.0,4.0,5.6,4.6,9.3,5.7,10.3,6.1,,,,,,,,,,
,"Birmingham-Hoover, AL......................................................................................................",20.6,7.4,27.3,8.2,13.4,6.5,10.9,6.3,,,,,,,,,,
*,"Boston-Cambridge-Newton, MA-NH3...................................................................................",6.8,2.3,3.0,1.5,3.3,1.6,5.5,2.0,,,,,,,,,,
,"Bridgeport-Stamford-Norwalk, CT.....................................................................",5.1,5.5,1.7,2.7,3.7,4.2,3.8,4.0,,,,,,,,,,
*,"Buffalo-Cheektowaga-Niagara Falls, NY4...............................................................................",11.1,7.3,(z),(z),2.8,3.8,5.4,5.7,,,,,,,,,,
,"Cape Coral-Fort Myers, FL...................................................................................",9.4,10.4,20.4,16.5,19.5,12.8,12.8,12.8,,,,,,,,,,
,"Charleston-North Charleston-Summerville, SC....................................................................................................",30.6,10.7,26.8,13.1,23.2,11.4,28.8,10.3,,,,,,,,,,
**,"Charlotte-Concord-Gastonia, NC-SC5...................................................................................",5.0,3.6,4.5,3.6,6.7,4.3,6.3,4.4,,,,,,,,,,
*,"Chicago-Naperville-Elgin, IL-IN-WI6....................................................................................................",5.9,1.9,6.9,1.9,9.2,2.2,7.4,2.1,,,,,,,,,,
**,"Cincinnati, OH-KY-IN7............................................................................................",5.4,3.8,6.5,4.6,10.9,6.3,10.0,5.7,,,,,,,,,,
*,"Cleveland-Elyria, OH8..............................................................................................",7.2,3.9,3.2,2.7,4.7,3.5,6.7,4.0,,,,,,,,,,
,"Columbia, SC………………………………………….",7.1,5.2,1.9,3.2,6.7,6.4,1.9,3.2,,,,,,,,,,
**,"Columbus, OH............................................................................................................................................",4.9,3.8,4.9,3.9,5.2,3.5,8.3,4.4,,,,,,,,,,
**,"Dallas-Ft. Worth-Arlington, TX...........................................................................................................",6.2,2.1,5.9,2.1,8.3,2.6,8.4,2.5,,,,,,,,,,
**,"Dayton, OH...........................................................................................................................................................",4.0,6.7,2.8,5.4,(z),(z),8.8,8.0,,,,,,,,,,
*,"Denver-Aurora-Lakewood, CO9...............................................................................................................................",4.8,2.9,3.0,2.4,5.7,3.2,5.5,2.9,,,,,,,,,,
*,"Detroit-Warren-Dearborn, MI10....................................................................................................................",5.9,3.0,6.3,3.1,5.1,2.7,5.4,2.8,,,,,,,,,,
,"Fresno, CA………………………………………………",(z),(z),0.7,2.1,1.9,3.7,0.7,2.0,,,,,,,,,,
**,"Grand Rapids-Wyoming, MI....................................................................................................................................",4.7,5.2,7.3,6.8,3.0,4.9,2.8,4.6,,,,,,,,,,
,"Greensboro-High Point, NC............................................................................................................................",17.5,8.9,1.2,3.0,5.8,5.2,2.9,4.0,,,,,,,,,,
,"Hartford-West Hartford-East Hartford, CT................................................................................",9.7,5.8,10.4,6.4,7.0,5.4,4.5,4.8,,,,,,,,,,
**,"Houston-The Woodlands-Sugar Land, TX11....................................................................................................",11.5,3.1,9.3,2.7,10.9,3.0,7.4,2.4,,,,,,,,,,
**,"Indianapolis-Carmel-Anderson, IN12.............................................................................................................................................",6.8,4.1,6.7,4.1,11.0,5.3,17.1,6.1,,,,,,,,,,
,"Jacksonville, FL..........................................................................................................................................",8.0,5.1,6.5,5.1,8.3,5.1,7.1,4.7,,,,,,,,,,
**,"Kansas City, MO-KS.............................................................................................................................................",10.5,3.7,9.7,3.8,9.3,3.4,8.2,3.1,,,,,,,,,,
,"Knoxville, TN.............................................................................................................................................",3.7,4.0,4.4,5.1,6.6,6.1,4.0,4.0,,,,,,,,,,
*,"Las Vegas-Henderson-Paradise, NV13..................................................................................................................",5.8,2.6,6.4,2.6,5.1,2.2,2.9,1.8,,,,,,,,,,
,"Little Rock-North Little Rock-Conway, AR..................................................................................................................",10.4,7.7,10.8,8.3,9.4,8.5,5.6,6.3,,,,,,,,,,
*,"Los Angeles-Long Beach-Anaheim, CA14...............................................................................................................",2.3,0.9,3.4,1.1,3.8,1.1,4.8,1.2,,,,,,,,,,
**,"Louisville/Jefferson County, KY-IN15..............................................................................................................................................................",11.4,5.6,4.3,4.2,2.7,3.4,5.6,4.3,,,,,,,,,,
**,"Memphis, TN-AR-MS.............................................................................................................................................",8.0,4.7,9.3,5.5,4.9,3.5,4.8,3.5,,,,,,,,,,
*,"Miami-Fort Lauderdale-West Palm Beach, FL16....................................................................................................................",6.1,2.3,4.9,2.0,4.7,2.0,5.8,2.2,,,,,,,,,,
,"Milwaukee-Waukesha-West Allis, WI........................................................................................................................................",3.5,3.1,5.3,3.7,5.7,4.1,3.8,3.1,,,,,,,,,,
**,"Minneapolis-St. Paul-Bloomington, MN-WI ...........................................................................................................................",5.1,3.2,4.1,3.0,3.1,2.5,4.0,2.9,,,,,,,,,,
**,"Nashville-Davidson-Murfreesboro-Franklin, TN17............................................................................................................................",7.7,4.2,7.0,4.1,5.9,3.9,8.5,4.5,,,,,,,,,,
,"New Haven-Milford, CT..............................................................................................................................................................",3.2,3.8,8.7,6.6,12.9,7.9,7.4,6.0,,,,,,,,,,
**,"New Orleans-Metairie, LA.18....................................................................................................................................",7.7,4.2,4.7,3.4,7.2,3.8,4.7,3.2,,,,,,,,,,
**,"New York-Newark-Jersey City, NY-NJ-PA19.......................................................................................................",4.0,0.9,3.3,0.8,5.1,1.0,5.7,1.1,,,,,,,,,,
,"North Port-Bradenton-Sarasota, FL.......................................................................................................",8.7,8.6,7.0,9.2,19.4,13.5,6.7,8.0,,,,,,,,,,
,"Oklahoma City, OK.............................................................................................................................................................................",7.9,4.3,7.8,4.2,4.5,3.3,5.7,3.6,,,,,,,,,,
,"Omaha-Council Bluffs, NE-IA........................................................................................................................................................",7.1,3.8,6.3,3.6,6.0,3.7,6.5,3.7,,,,,,,,,,
*,"Orlando-Kissimmee-Sanford, FL20............................................................................................................................................................................................",11.7,4.9,9.2,4.6,6.4,3.7,7.3,3.9,,,,,,,,,,
,"Philadelphia-Camden-Wilmington, PA-NJ-DE-MD21 .....................................................................................................................................",6.4,2.5,3.8,2.1,5.5,2.4,5.9,2.6,,,,,,,,,,
,"Phoenix-Mesa-Scottsdale, AZ.......................................................................................................................................",2.9,1.8,6.6,2.9,6.6,2.8,3.9,2.2,,,,,,,,,,
,"Pittsburgh, PA.....................................................................................................................................................................................................",8.4,4.9,9.7,4.8,11.8,4.8,6.9,4.0,,,,,,,,,,
,"Portland-Vancouver-Hillsboro, OR-WA22......................................................................................................................................",5.2,2.4,3.5,2.1,3.7,2.2,4.6,2.3,,,,,,,,,,
*,"Providence-Warwick, RI-MA23.........................................................................................................................",3.2,1.6,3.2,1.6,3.3,1.7,4.4,2.1,,,,,,,,,,
*,"Raleigh, NC24............................................................................................................................................................................",2.2,3.0,1.9,2.9,2.6,3.7,2.5,3.3,,,,,,,,,,
**,"Richmond, VA.........................................................................................................................................................................",5.1,5.2,2.7,4.1,0.5,1.5,2.7,3.1,,,,,,,,,,
*,"Riverside-San Bernardino-Ontario, CA..................................................................................................................................",3.9,2.3,3.6,2.4,4.9,2.7,5.4,2.8,,,,,,,,,,
**,"Rochester, NY...........................................................................................................................................................................................",5.2,5.5,0.6,1.7,1.2,2.4,1.7,3.1,,,,,,,,,,
,"Sacramento-Roseville-Arden-Arcade, CA25........................................................................................................................",6.5,3.6,2.3,2.4,3.6,3.0,3.9,3.0,,,,,,,,,,
**,"St. Louis, MO-IL..................................................................................................................................................................................",5.5,3.2,4.4,3.1,5.6,3.4,5.8,3.4,,,,,,,,,,
**,"Salt Lake City, UT....................................................................................................................................................................",9.4,5.0,4.0,3.3,6.1,3.8,5.5,3.5,,,,,,,,,,
*,"San Antonio-New Braunfels, TX26...........................................................................................................................................................................",7.5,4.0,8.3,4.1,6.7,3.7,6.3,3.6,,,,,,,,,,
*,"San Diego-Carlsbad, CA27.................................................................................................................................",3.2,2.2,2.4,1.9,6.6,3.2,3.4,2.2,,,,,,,,,,
*,"San Francisco-Oakland-Hayward, CA28....................................................................................................................................",2.9,1.6,3.0,1.7,6.7,2.3,8.5,2.7,,,,,,,,,,
,"San Jose-Sunnyvale-Santa Clara, CA...................................................................................................................................",3.9,3.2,1.5,1.8,3.4,2.9,8.5,4.2,,,,,,,,,,
*,"Seattle-Tacoma-Bellevue, WA........................................................................................................................................................",3.7,2.0,2.1,1.6,4.2,2.1,4.4,2.2,,,,,,,,,,
,"Syracuse, NY………………………………………….",8.7,9.9,7.0,8.5,14.9,10.1,14.0,9.2,,,,,,,,,,
,"Tampa-St. Petersburg-Clearwater, FL..............................................................................................................................................",9.7,4.4,9.2,4.3,9.0,4.7,7.7,3.9,,,,,,,,,,
**,"Toledo, OH………………………………………………..",15.9,10.9,4.5,6.5,(z),(z),4.4,6.1,,,,,,,,,,
,"Tucson, AZ ..........................................................................................................................................................................................................",5.1,4.6,10.6,8.2,13.8,8.8,7.2,5.8,,,,,,,,,,
,"Tulsa, OK....................................................................................................................................................................................................",9.4,6.1,11.2,6.3,9.2,5.6,5.4,4.1,,,,,,,,,,
,"Urban Honolulu, HI29..................................................................................................................................",6.2,2.8,5.5,2.6,6.0,2.5,4.4,2.2,,,,,,,,,,
**,"Virginia Beach-Norfolk-Newport News, VA-NC30...............................................................................................................................",5.4,4.0,3.9,3.4,4.7,4.3,8.7,5.8,,,,,,,,,,
**,"Washington-Arlington-Alexandria, DC-VA-MD-WV..........................................................................................",6.8,2.6,3.7,2.1,5.4,2.3,5.9,2.4,,,,,,,,,,
**,"Worcester, MA.........................................................................................................................................................................................",3.4,3.6,(z),(z),(z),(z),1.0,2.0,,,,,,,,,,
,,,,,,,,,,,,,,,,,,,
,,,,,,,,,,,,,,,,,,,
,,,,,,,,,,,,,,,,,,,
Table 4. Rental Vacancy Rates for the 75 Largest Metropolitan Statistical Areas: 2015 to 2020 - Continued,,,,,,,,,,,,,,,,,,,
,,,,,,,,,,,,,,,,,,,
,Metropolitan Statistical Area,First         Quarter       2019,Margin of Error1,Second         Quarter       2019,Margin of Error1,Third         Quarter       2019,Margin of Error1,Fourth         Quarter       2019,Margin of Error1,,,,,,,,,,
,,,,,,,,,,,,,,,,,,,
,,,,,,,,,,,,,,,,,,,
,,,,,,,,,,,,,,,,,,,
,,,,,,,,,,,,,,,,,,,
,"Akron, OH ................................................................................................................",2.0,4.1,3.6,6.1,4.0,5.7,14.2,10.1,,,,,,,,,,
,"Albany-Schenectady-Troy, NY .....................................................................",7.9,6.6,10.8,7.0,15.5,9.2,15.6,8.8,,,,,,,,,,
,"Albuquerque, NM...................................................................................................",7.1,3.7,6.8,3.6,7.8,3.7,4.4,2.7,,,,,,,,,,
,"Allentown-Bethlehem-Easton, PA-NJ..................................................................",7.7,7.7,3.2,5.0,0.0,(z),6.1,7.2,,,,,,,,,,
**,"Atlanta-Sandy Springs-Roswell, GA1....................................................",7.8,2.7,7.6,2.7,6.4,2.5,5.9,2.3,,,,,,,,,,
,"Austin-Round Rock, TX.....................................................................................................",12.3,5.1,9.1,4.7,6.4,4.1,4.4,3.4,,,,,,,,,,
*,"Baltimore-Columbia-Towson, MD2.....................................................................................................",7.7,3.7,8.1,4.0,11.5,4.7,8.1,4.4,,,,,,,,,,
,"Baton Rouge, LA……………………………………….",8.2,4.8,9.0,5.3,10.2,5.5,12.8,5.4,,,,,,,,,,
,"Birmingham-Hoover, AL......................................................................................................",11.5,5.1,13.5,5.6,6.6,4.3,9.8,5.4,,,,,,,,,,
*,"Boston-Cambridge-Newton, MA-NH3...................................................................................",1.7,1.2,2.9,1.5,4.8,1.9,5.0,1.9,,,,,,,,,,
,"Bridgeport-Stamford-Norwalk, CT.....................................................................",3.5,4.4,5.5,4.7,4.7,4.7,2.5,3.5,,,,,,,,,,
*,"Buffalo-Cheektowaga-Niagara Falls, NY4...............................................................................",5.2,5.0,10.4,7.2,2.8,3.7,7.5,5.9,,,,,,,,,,
,"Cape Coral-Fort Myers, FL...................................................................................",2.4,5.3,10.5,12.4,15.2,11.9,5.8,8.5,,,,,,,,,,
,"Charleston-North Charleston-Summerville, SC....................................................................................................",13.6,8.7,14.9,8.4,16.5,8.9,21.0,9.3,,,,,,,,,,
**,"Charlotte-Concord-Gastonia, NC-SC5...................................................................................",5.5,3.8,7.3,4.6,9.5,4.9,8.3,4.9,,,,,,,,,,
*,"Chicago-Naperville-Elgin, IL-IN-WI6....................................................................................................",5.7,1.8,5.7,1.7,6.2,1.8,5.2,1.8,,,,,,,,,,
**,"Cincinnati, OH-KY-IN7............................................................................................",11.5,5.7,10.9,5.5,11.1,5.6,9.3,4.8,,,,,,,,,,
*,"Cleveland-Elyria, OH8..............................................................................................",3.3,2.9,1.5,1.8,5.3,3.7,5.4,3.5,,,,,,,,,,
,"Columbia, SC………………………………………….",10.9,7.4,8.6,6.5,7.3,5.6,10.7,6.4,,,,,,,,,,
**,"Columbus, OH............................................................................................................................................",4.9,3.6,2.2,2.6,6.7,4.0,3.2,2.9,,,,,,,,,,
**,"Dallas-Ft. Worth-Arlington, TX...........................................................................................................",6.7,2.1,5.6,1.9,8.6,2.4,6.6,2.2,,,,,,,,,,
**,"Dayton, OH...........................................................................................................................................................",5.7,6.8,15.8,10.7,7.3,7.3,9.7,8.1,,,,,,,,,,
*,"Denver-Aurora-Lakewood, CO9...............................................................................................................................",3.2,2.5,4.4,2.8,5.4,3.2,5.9,3.2,,,,,,,,,,
*,"Detroit-Warren-Dearborn, MI10....................................................................................................................",4.7,2.5,8.1,3.3,6.7,3.1,5.1,2.9,,,,,,,,,,
,"Fresno, CA………………………………………………",9.3,6.5,7.5,5.5,7.0,5.3,3.9,4.1,,,,,,,,,,
**,"Grand Rapids-Wyoming, MI....................................................................................................................................",4.9,6.2,4.9,5.6,2.8,4.7,5.5,7.2,,,,,,,,,,
,"Greensboro-High Point, NC............................................................................................................................",9.8,7.5,7.1,5.8,5.1,4.7,10.9,6.7,,,,,,,,,,
,"Hartford-West Hartford-East Hartford, CT................................................................................",3.1,3.2,4.5,3.7,5.9,4.2,3.6,3.6,,,,,,,,,,
**,"Houston-The Woodlands-Sugar Land, TX11....................................................................................................",10.6,2.8,11.8,2.9,12.4,3.1,10.8,2.9,,,,,,,,,,
**,"Indianapolis-Carmel-Anderson, IN12.............................................................................................................................................",5.7,3.6,9.1,4.8,7.2,4.2,6.3,3.6,,,,,,,,,,
,"Jacksonville, FL..........................................................................................................................................",4.7,3.9,6.9,5.0,4.7,4.1,4.5,3.9,,,,,,,,,,
**,"Kansas City, MO-KS.............................................................................................................................................",13.1,4.1,5.8,2.7,9.5,3.3,11.9,3.7,,,,,,,,,,
,"Knoxville, TN.............................................................................................................................................",3.6,4.3,9.7,7.2,10.1,6.7,5.2,5.0,,,,,,,,,,
*,"Las Vegas-Henderson-Paradise, NV13..................................................................................................................",6.4,2.6,4.8,2.2,5.2,2.2,5.6,2.5,,,,,,,,,,
,"Little Rock-North Little Rock-Conway, AR..................................................................................................................",13.2,9.0,9.8,7.5,10.8,8.2,12.1,8.4,,,,,,,,,,
*,"Los Angeles-Long Beach-Anaheim, CA14...............................................................................................................",3.6,1.1,4.5,1.2,3.9,1.1,4.0,1.1,,,,,,,,,,
**,"Louisville/Jefferson County, KY-IN15..............................................................................................................................................................",11.9,5.8,13.3,6.0,8.6,5.0,8.2,5.1,,,,,,,,,,
**,"Memphis, TN-AR-MS.............................................................................................................................................",13.0,6.2,8.7,4.9,11.6,5.7,9.3,4.9,,,,,,,,,,
*,"Miami-Fort Lauderdale-West Palm Beach, FL16....................................................................................................................",7.8,2.7,6.3,2.2,6.9,2.3,7.3,2.6,,,,,,,,,,
,"Milwaukee-Waukesha-West Allis, WI........................................................................................................................................",7.3,4.2,5.8,3.7,6.2,4.1,7.3,4.5,,,,,,,,,,
**,"Minneapolis-St. Paul-Bloomington, MN-WI ...........................................................................................................................",5.1,3.0,5.9,3.1,2.0,2.0,3.1,2.6,,,,,,,,,,
**,"Nashville-Davidson-Murfreesboro-Franklin, TN17............................................................................................................................",9.7,4.4,10.4,4.8,6.7,4.3,6.9,4.5,,,,,,,,,,
,"New Haven-Milford, CT..............................................................................................................................................................",1.8,3.0,10.8,6.9,13.5,8.6,8.3,6.6,,,,,,,,,,
**,"New Orleans-Metairie, LA.18....................................................................................................................................",11.3,4.6,7.8,3.7,9.0,3.8,9.8,4.5,,,,,,,,,,
**,"New York-Newark-Jersey City, NY-NJ-PA19.......................................................................................................",4.0,.9,4.6,1.0,4.3,1.0,4.3,1.0,,,,,,,,,,
,"North Port-Bradenton-Sarasota, FL.......................................................................................................",5.2,7.7,3.9,6.8,6.7,9.8,7.1,7.4,,,,,,,,,,
,"Oklahoma City, OK.............................................................................................................................................................................",11.7,5.1,11.9,4.9,7.3,3.9,3.8,2.9,,,,,,,,,,
,"Omaha-Council Bluffs, NE-IA........................................................................................................................................................",6.9,3.7,5.0,3.2,7.6,4.0,5.7,3.4,,,,,,,,,,
*,"Orlando-Kissimmee-Sanford, FL20............................................................................................................................................................................................",6.9,3.6,9.2,4.1,7.1,3.6,10.3,4.6,,,,,,,,,,
,"Philadelphia-Camden-Wilmington, PA-NJ-DE-MD21 .....................................................................................................................................",8.4,2.8,6.4,2.6,8.0,2.9,5.4,2.4,,,,,,,,,,
,"Phoenix-Mesa-Scottsdale, AZ.......................................................................................................................................",4.0,2.2,5.6,2.7,5.3,2.6,5.1,2.4,,,,,,,,,,
,"Pittsburgh, PA.....................................................................................................................................................................................................",5.3,3.9,7.2,4.4,5.8,3.9,11.2,5.5,,,,,,,,,,
,"Portland-Vancouver-Hillsboro, OR-WA22......................................................................................................................................",5.6,2.6,4.1,2.3,4.7,2.4,3.2,1.9,,,,,,,,,,
*,"Providence-Warwick, RI-MA23.........................................................................................................................",3.5,1.6,4.6,2.0,4.7,2.0,4.3,1.9,,,,,,,,,,
*,"Raleigh, NC24............................................................................................................................................................................",6.5,4.8,8.0,5.2,8.9,5.9,4.6,4.3,,,,,,,,,,
**,"Richmond, VA.........................................................................................................................................................................",7.6,5.6,13.6,7.5,10.7,7.2,7.1,5.0,,,,,,,,,,
*,"Riverside-San Bernardino-Ontario, CA..................................................................................................................................",5.5,2.7,3.7,2.3,5.5,2.9,3.3,2.3,,,,,,,,,,
**,"Rochester, NY...........................................................................................................................................................................................",6.9,5.4,4.0,4.1,9.1,6.4,3.0,4.5,,,,,,,,,,
,"Sacramento-Roseville-Arden-Arcade, CA25........................................................................................................................",3.7,2.6,5.9,3.8,5.1,3.7,2.7,2.4,,,,,,,,,,
**,"St. Louis, MO-IL..................................................................................................................................................................................",8.1,3.8,7.6,3.7,10.6,4.4,9.1,4.2,,,,,,,,,,
**,"Salt Lake City, UT....................................................................................................................................................................",6.5,4.1,4.4,3.4,5.3,3.8,3.6,3.3,,,,,,,,,,
*,"San Antonio-New Braunfels, TX26...........................................................................................................................................................................",9.3,4.3,13.1,5.1,9.0,4.1,8.9,4.3,,,,,,,,,,
*,"San Diego-Carlsbad, CA27.................................................................................................................................",5.5,2.7,7.0,3.0,7.0,3.4,3.8,2.4,,,,,,,,,,
*,"San Francisco-Oakland-Hayward, CA28....................................................................................................................................",3.9,1.9,4.7,2.1,3.3,1.8,3.3,1.8,,,,,,,,,,
,"San Jose-Sunnyvale-Santa Clara, CA...................................................................................................................................",2.5,2.5,2.0,2.2,3.7,3.0,6.3,3.6,,,,,,,,,,
*,"Seattle-Tacoma-Bellevue, WA........................................................................................................................................................",3.9,2.2,3.3,2.1,4.6,2.3,5.6,2.6,,,,,,,,,,
,"Syracuse, NY………………………………………….",17.9,13.2,5.0,6.5,11.8,8.1,11.8,9.8,,,,,,,,,,
,"Tampa-St. Petersburg-Clearwater, FL..............................................................................................................................................",11.8,4.6,12.0,4.4,10.0,4.3,8.8,4.1,,,,,,,,,,
**,"Toledo, OH………………………………………………..",18.1,13.8,7.4,10.6,4.3,7.1,10.6,8.7,,,,,,,,,,
,"Tucson, AZ ..........................................................................................................................................................................................................",5.0,4.3,8.1,5.9,10.0,7.0,6.8,5.5,,,,,,,,,,
,"Tulsa, OK....................................................................................................................................................................................................",7.0,5.3,8.6,5.4,10.3,5.9,7.9,5.2,,,,,,,,,,
,"Urban Honolulu, HI29..................................................................................................................................",5.9,2.7,6.0,2.7,6.0,2.7,4.6,2.4,,,,,,,,,,
**,"Virginia Beach-Norfolk-Newport News, VA-NC30...............................................................................................................................",8.5,5.5,6.2,4.1,6.5,4.5,7.3,5.0,,,,,,,,,,
**,"Washington-Arlington-Alexandria, DC-VA-MD-WV..........................................................................................",5.9,2.4,6.1,2.4,5.1,2.2,5.2,2.3,,,,,,,,,,
**,"Worcester, MA.........................................................................................................................................................................................",4.5,4.4,4.7,4.6,1.1,2.2,0.4,1.2,,,,,,,,,,
,,,,,,,,,,,,,,,,,,,
,,,,,,,,,,,,,,,,,,,
,,,,,,,,,,,,,,,,,,,
Table 4. Rental Vacancy Rates for the 75 Largest Metropolitan Statistical Areas: 2015 to 2020 - Continued,,,,,,,,,,,,,,,,,,,
,,,,,,,,,,,,,,,,,,,
,Metropolitan Statistical Area,First         Quarter       2018,Margin of Error1,Second         Quarter       2018,Margin of Error1,Third         Quarter       2018,Margin of Error1,Fourth         Quarter       2018,Margin of Error1,,,,,,,,,,
,,,,,,,,,,,,,,,,,,,
,,,,,,,,,,,,,,,,,,,
,,,,,,,,,,,,,,,,,,,
,,,,,,,,,,,,,,,,,,,
,"Akron, OH ................................................................................................................",2.3,4.9,5.7,6.7,4.3,5.5,1.3,2.7,,,,,,,,,,
,"Albany-Schenectady-Troy, NY .....................................................................",9.0,6.7,11.7,7.7,10.3,8.1,12.0,7.6,,,,,,,,,,
,"Albuquerque, NM...................................................................................................",10.7,4.2,8.7,3.7,6.6,3.3,5.5,3.0,,,,,,,,,,
,"Allentown-Bethlehem-Easton, PA-NJ..................................................................",7.4,7.9,4.3,6.6,3.5,5.9,7.0,7.2,,,,,,,,,,
**,"Atlanta-Sandy Springs-Roswell, GA1....................................................",8.3,3.0,5.4,2.3,6.1,2.5,6.9,2.5,,,,,,,,,,
,"Austin-Round Rock, TX.....................................................................................................",8.7,4.3,6.9,3.8,5.7,3.5,6.8,4.0,,,,,,,,,,
*,"Baltimore-Columbia-Towson, MD2.....................................................................................................",6.8,3.7,9.9,4.2,10.4,4.5,10.2,4.2,,,,,,,,,,
,"Baton Rouge, LA……………………………………….",7.5,5.0,8.4,5.2,7.5,4.8,7.1,4.4,,,,,,,,,,
,"Birmingham-Hoover, AL......................................................................................................",11.9,5.0,13.5,5.9,11.6,5.4,10.7,5.1,,,,,,,,,,
*,"Boston-Cambridge-Newton, MA-NH3...................................................................................",5.2,2.0,3.3,1.7,3.8,1.8,2.9,1.5,,,,,,,,,,
,"Bridgeport-Stamford-Norwalk, CT.....................................................................",14.5,8.2,9.5,6.3,3.4,3.7,6.8,5.1,,,,,,,,,,
*,"Buffalo-Cheektowaga-Niagara Falls, NY4...............................................................................",10.1,7.0,4.9,4.5,6.5,5.1,6.8,5.3,,,,,,,,,,
,"Cape Coral-Fort Myers, FL...................................................................................",10.7,11.2,6.0,9.0,1.4,4.3,5.0,8.5,,,,,,,,,,
,"Charleston-North Charleston-Summerville, SC....................................................................................................",18.8,9.4,16.6,9.1,18.6,9.2,14.2,8.2,,,,,,,,,,
**,"Charlotte-Concord-Gastonia, NC-SC5...................................................................................",4.0,3.1,6.2,3.9,5.8,3.8,6.8,4.5,,,,,,,,,,
*,"Chicago-Naperville-Elgin, IL-IN-WI6....................................................................................................",9.0,2.3,6.9,1.9,5.9,1.8,6.4,1.9,,,,,,,,,,
**,"Cincinnati, OH-KY-IN7............................................................................................",3.4,3.0,2.4,2.7,4.8,3.7,6.7,4.3,,,,,,,,,,
*,"Cleveland-Elyria, OH8..............................................................................................",4.9,3.6,7.1,3.9,7.4,4.4,8.4,4.6,,,,,,,,,,
,"Columbia, SC………………………………………….",7.9,6.1,11.8,8.8,8.6,6.5,9.9,6.3,,,,,,,,,,
**,"Columbus, OH............................................................................................................................................",9.8,5.0,11.9,5.4,5.4,3.7,7.3,4.5,,,,,,,,,,
**,"Dallas-Ft. Worth-Arlington, TX...........................................................................................................",5.8,2.1,7.8,2.4,7.8,2.4,8.3,2.5,,,,,,,,,,
**,"Dayton, OH...........................................................................................................................................................",11.3,8.9,13.2,9.0,13.7,10.0,8.1,6.2,,,,,,,,,,
*,"Denver-Aurora-Lakewood, CO9...............................................................................................................................",4.8,2.6,2.5,2.1,3.8,2.6,4.0,2.8,,,,,,,,,,
*,"Detroit-Warren-Dearborn, MI10....................................................................................................................",7.9,3.1,7.6,3.3,6.1,3.2,5.1,2.9,,,,,,,,,,
,"Fresno, CA………………………………………………",1.6,2.7,0.6,1.7,3.4,3.9,1.6,2.6,,,,,,,,,,
**,"Grand Rapids-Wyoming, MI....................................................................................................................................",3.9,5.8,3.9,5.7,4.8,5.6,13.1,8.7,,,,,,,,,,
,"Greensboro-High Point, NC............................................................................................................................",10.9,7.4,10.4,6.9,10.1,6.1,14.9,8.6,,,,,,,,,,
,"Hartford-West Hartford-East Hartford, CT................................................................................",5.0,4.2,3.3,3.4,6.7,4.9,3.1,3.3,,,,,,,,,,
**,"Houston-The Woodlands-Sugar Land, TX11....................................................................................................",8.2,2.4,9.8,2.7,8.9,2.7,8.1,2.5,,,,,,,,,,
**,"Indianapolis-Carmel-Anderson, IN12.............................................................................................................................................",9.4,4.5,10.2,4.8,6.8,3.8,13.2,5.2,,,,,,,,,,
,"Jacksonville, FL..........................................................................................................................................",6.9,4.8,2.2,2.7,7.4,4.8,5.7,4.3,,,,,,,,,,
**,"Kansas City, MO-KS.............................................................................................................................................",11.7,3.6,5.1,2.4,5.2,2.7,9.6,3.5,,,,,,,,,,
,"Knoxville, TN.............................................................................................................................................",9.8,7.8,12.9,8.2,4.4,4.3,4.4,4.6,,,,,,,,,,
*,"Las Vegas-Henderson-Paradise, NV13..................................................................................................................",9.6,3.2,5.8,2.5,6.2,2.6,5.4,2.5,,,,,,,,,,
,"Little Rock-North Little Rock-Conway, AR..................................................................................................................",13.1,8.8,12.9,8.4,8.6,7.3,8.8,7.0,,,,,,,,,,
*,"Los Angeles-Long Beach-Anaheim, CA14...............................................................................................................",4.2,1.2,4.2,1.2,3.7,1.1,3.7,1.1,,,,,,,,,,
**,"Louisville/Jefferson County, KY-IN15..............................................................................................................................................................",4.0,4.0,6.9,4.8,8.9,5.2,10.4,6.0,,,,,,,,,,
**,"Memphis, TN-AR-MS.............................................................................................................................................",8.7,5.3,12.3,5.9,8.5,5.0,16.5,6.4,,,,,,,,,,
*,"Miami-Fort Lauderdale-West Palm Beach, FL16....................................................................................................................",6.9,2.5,6.4,2.3,8.1,2.5,8.1,2.7,,,,,,,,,,
,"Milwaukee-Waukesha-West Allis, WI........................................................................................................................................",6.0,4.0,7.0,4.4,4.4,3.9,6.0,4.5,,,,,,,,,,
**,"Minneapolis-St. Paul-Bloomington, MN-WI ...........................................................................................................................",3.5,2.5,4.7,2.7,4.4,2.8,3.7,2.6,,,,,,,,,,
**,"Nashville-Davidson-Murfreesboro-Franklin, TN17............................................................................................................................",9.1,4.5,5.7,3.7,8.7,4.5,6.4,3.9,,,,,,,,,,
,"New Haven-Milford, CT..............................................................................................................................................................",5.5,5.2,7.6,6.2,7.2,6.2,2.4,3.5,,,,,,,,,,
**,"New Orleans-Metairie, LA.18....................................................................................................................................",11.1,4.3,12.0,4.4,8.1,3.8,6.9,3.9,,,,,,,,,,
**,"New York-Newark-Jersey City, NY-NJ-PA19.......................................................................................................",4.0,0.9,4.5,1.0,5.2,1.0,4.3,1.0,,,,,,,,,,
,"North Port-Bradenton-Sarasota, FL.......................................................................................................",5.3,6.2,6.6,6.7,5.9,6.8,11.5,9.0,,,,,,,,,,
,"Oklahoma City, OK.............................................................................................................................................................................",12.2,4.9,14.0,5.4,13.0,5.0,8.0,4.2,,,,,,,,,,
,"Omaha-Council Bluffs, NE-IA........................................................................................................................................................",4.8,3.2,6.2,3.8,8.0,4.2,9.0,4.1,,,,,,,,,,
*,"Orlando-Kissimmee-Sanford, FL20............................................................................................................................................................................................",6.3,3.8,7.3,4.0,5.6,3.4,4.0,3.1,,,,,,,,,,
,"Philadelphia-Camden-Wilmington, PA-NJ-DE-MD21 .....................................................................................................................................",5.8,2.4,4.9,2.3,7.8,2.9,7.1,2.7,,,,,,,,,,
,"Phoenix-Mesa-Scottsdale, AZ.......................................................................................................................................",4.6,2.4,6.9,2.8,7.9,3.1,5.6,2.7,,,,,,,,,,
,"Pittsburgh, PA.....................................................................................................................................................................................................",7.8,5.0,7.1,4.6,5.2,3.7,5.3,3.7,,,,,,,,,,
,"Portland-Vancouver-Hillsboro, OR-WA22......................................................................................................................................",3.6,2.0,4.8,2.5,4.5,2.4,2.4,1.7,,,,,,,,,,
*,"Providence-Warwick, RI-MA23.........................................................................................................................",7.1,2.3,3.7,1.7,5.5,2.1,3.9,1.7,,,,,,,,,,
*,"Raleigh, NC24............................................................................................................................................................................",6.7,5.3,7.5,5.7,7.6,5.2,3.9,3.9,,,,,,,,,,
**,"Richmond, VA.........................................................................................................................................................................",6.6,5.0,5.5,4.8,4.4,4.3,5.1,4.6,,,,,,,,,,
*,"Riverside-San Bernardino-Ontario, CA..................................................................................................................................",4.0,2.4,6.1,2.7,4.7,2.7,5.4,2.8,,,,,,,,,,
**,"Rochester, NY...........................................................................................................................................................................................",7.5,5.6,5.3,4.7,5.9,5.4,3.6,4.3,,,,,,,,,,
,"Sacramento-Roseville-Arden-Arcade, CA25........................................................................................................................",5.6,3.3,5.4,3.5,3.3,3.1,5.7,3.9,,,,,,,,,,
**,"St. Louis, MO-IL..................................................................................................................................................................................",9.6,3.7,5.6,3.1,6.9,3.7,6.6,3.8,,,,,,,,,,
**,"Salt Lake City, UT....................................................................................................................................................................",6.6,4.2,7.5,4.4,5.1,3.5,5.0,3.8,,,,,,,,,,
*,"San Antonio-New Braunfels, TX26...........................................................................................................................................................................",7.6,4.1,8.6,4.5,5.5,3.6,7.8,4.5,,,,,,,,,,
*,"San Diego-Carlsbad, CA27.................................................................................................................................",4.8,2.5,4.8,2.6,3.9,2.5,4.4,2.5,,,,,,,,,,
*,"San Francisco-Oakland-Hayward, CA28....................................................................................................................................",4.3,2.1,5.5,2.4,6.7,2.5,4.9,2.2,,,,,,,,,,
,"San Jose-Sunnyvale-Santa Clara, CA...................................................................................................................................",6.3,3.6,3.6,2.8,3.8,3.0,4.6,3.1,,,,,,,,,,
*,"Seattle-Tacoma-Bellevue, WA........................................................................................................................................................",4.6,2.4,4.1,2.3,5.5,2.6,5.0,2.5,,,,,,,,,,
,"Syracuse, NY………………………………………….",2.4,4.1,3.7,5.3,5.3,7.0,14.7,12.0,,,,,,,,,,
,"Tampa-St. Petersburg-Clearwater, FL..............................................................................................................................................",9.9,4.0,11.8,4.4,9.0,3.8,9.0,3.9,,,,,,,,,,
**,"Toledo, OH………………………………………………..",6.7,7.2,8.1,9.3,22.9,13.5,13.8,10.3,,,,,,,,,,
,"Tucson, AZ ..........................................................................................................................................................................................................",3.9,4.5,4.0,4.6,6.5,5.2,2.9,4.0,,,,,,,,,,
,"Tulsa, OK....................................................................................................................................................................................................",11.0,5.9,8.2,5.0,14.1,6.7,7.3,4.9,,,,,,,,,,
,"Urban Honolulu, HI29..................................................................................................................................",8.2,3.1,7.8,2.8,4.4,2.3,5.4,2.6,,,,,,,,,,
**,"Virginia Beach-Norfolk-Newport News, VA-NC30...............................................................................................................................",5.2,4.0,6.2,4.5,8.5,5.0,8.8,5.4,,,,,,,,,,
**,"Washington-Arlington-Alexandria, DC-VA-MD-WV..........................................................................................",7.7,2.7,5.5,2.2,6.8,2.5,4.8,2.1,,,,,,,,,,
**,"Worcester, MA.........................................................................................................................................................................................",4.4,4.4,1.8,2.6,2.8,3.6,1.6,2.7,,,,,,,,,,
,,,,,,,,,,,,,,,,,,,
,,,,,,,,,,,,,,,,,,,
,,,,,,,,,,,,,,,,,,,
Table 4. Rental Vacancy Rates for the 75 Largest Metropolitan Statistical Areas: 2015 to 2020 - Continued,,,,,,,,,,,,,,,,,,,
,,,,,,,,,,,,,,,,,,,
,Metropolitan Statistical Area,First         Quarter       2017,Margin of Error1,Second         Quarter       2017,Margin of Error1,Third         Quarter       2017,Margin of Error1,Fourth         Quarter       2017,Margin of Error1,,,,,,,,,,
,,,,,,,,,,,,,,,,,,,
,,,,,,,,,,,,,,,,,,,
,,,,,,,,,,,,,,,,,,,
,,,,,,,,,,,,,,,,,,,
,"Akron, OH ................................................................................................................",7.9,8.5,7.7,7.8,3.0,5.1,1.0,2.9,,,,,,,,,,
,"Albany-Schenectady-Troy, NY .....................................................................",9.8,8.2,12.5,8.7,4.0,4.8,8.5,6.5,,,,,,,,,,
,"Albuquerque, NM...................................................................................................",9.7,3.8,9.6,4.0,10.4,3.9,6.3,3.2,,,,,,,,,,
,"Allentown-Bethlehem-Easton, PA-NJ..................................................................",3.0,5.3,1.2,3.6,5.4,7.2,10.8,9.4,,,,,,,,,,
**,"Atlanta-Sandy Springs-Roswell, GA1....................................................",4.6,2.2,7.1,2.5,7.3,2.6,8.8,2.8,,,,,,,,,,
,"Austin-Round Rock, TX.....................................................................................................",6.6,4.0,7.4,4.1,3.2,2.6,7.4,4.0,,,,,,,,,,
*,"Baltimore-Columbia-Towson, MD2.....................................................................................................",9.4,4.7,6.0,3.7,9.8,4.8,6.4,3.6,,,,,,,,,,
,"Baton Rouge, LA……………………………………….",4.3,3.9,5.7,4.4,10.5,5.5,13.8,6.5,,,,,,,,,,
,"Birmingham-Hoover, AL......................................................................................................",11.7,5.0,21.2,7.3,19.2,7.1,12.3,5.8,,,,,,,,,,
*,"Boston-Cambridge-Newton, MA-NH3...................................................................................",5.5,2.1,3.9,1.7,4.1,1.7,5.6,2.0,,,,,,,,,,
,"Bridgeport-Stamford-Norwalk, CT.....................................................................",10.4,7.6,7.0,5.9,7.6,6.0,11.6,7.3,,,,,,,,,,
*,"Buffalo-Cheektowaga-Niagara Falls, NY4...............................................................................",7.1,5.7,3.7,3.8,3.4,4.0,12.2,7.3,,,,,,,,,,
,"Cape Coral-Fort Myers, FL...................................................................................",1.8,4.0,6.7,7.8,0.9,2.9,10.1,11.5,,,,,,,,,,
,"Charleston-North Charleston-Summerville, SC....................................................................................................",18.8,10.3,18.7,9.6,17.0,8.1,17.6,8.7,,,,,,,,,,
**,"Charlotte-Concord-Gastonia, NC-SC5...................................................................................",3.1,2.8,5.7,3.6,7.9,4.0,4.4,3.4,,,,,,,,,,
*,"Chicago-Naperville-Elgin, IL-IN-WI6....................................................................................................",6.7,2.0,8.0,2.1,8.5,2.2,4.9,1.7,,,,,,,,,,
**,"Cincinnati, OH-KY-IN7............................................................................................",6.9,3.9,8.5,4.8,8.0,4.5,7.1,4.1,,,,,,,,,,
*,"Cleveland-Elyria, OH8..............................................................................................",12.3,5.4,9.0,4.6,5.1,3.5,5.3,3.7,,,,,,,,,,
,"Columbia, SC………………………………………….",6.4,6.2,4.4,5.5,7.7,6.4,6.3,5.3,,,,,,,,,,
**,"Columbus, OH............................................................................................................................................",8.3,4.2,5.4,3.6,4.0,3.1,7.4,4.2,,,,,,,,,,
**,"Dallas-Ft. Worth-Arlington, TX...........................................................................................................",6.4,2.2,8.0,2.4,7.4,2.3,6.6,2.3,,,,,,,,,,
**,"Dayton, OH...........................................................................................................................................................",5.7,6.3,8.2,7.5,13.9,10.0,2.0,3.4,,,,,,,,,,
*,"Denver-Aurora-Lakewood, CO9...............................................................................................................................",4.5,2.6,6.7,3.4,4.8,3.0,7.5,3.4,,,,,,,,,,
*,"Detroit-Warren-Dearborn, MI10....................................................................................................................",8.0,3.2,7.3,3.3,8.3,3.5,8.6,3.5,,,,,,,,,,
,"Fresno, CA………………………………………………",5.5,5.6,2.2,2.9,3.6,3.9,1.9,2.8,,,,,,,,,,
**,"Grand Rapids-Wyoming, MI....................................................................................................................................",3.9,5.8,2.7,4.8,3.4,4.5,5.8,6.0,,,,,,,,,,
,"Greensboro-High Point, NC............................................................................................................................",15.3,8.4,7.5,6.2,6.9,5.6,11.4,6.7,,,,,,,,,,
,"Hartford-West Hartford-East Hartford, CT................................................................................",4.8,3.9,5.9,4.8,4.7,4.9,6.1,4.7,,,,,,,,,,
**,"Houston-The Woodlands-Sugar Land, TX11....................................................................................................",11.3,2.9,8.7,2.5,10.3,2.8,9.4,2.6,,,,,,,,,,
**,"Indianapolis-Carmel-Anderson, IN12.............................................................................................................................................",9.8,4.6,12.0,5.4,10.7,4.6,15.0,5.3,,,,,,,,,,
,"Jacksonville, FL..........................................................................................................................................",8.0,5.9,3.2,3.5,14.8,6.8,7.5,4.9,,,,,,,,,,
**,"Kansas City, MO-KS.............................................................................................................................................",14.0,3.8,8.9,3.2,6.8,2.8,7.4,3.0,,,,,,,,,,
,"Knoxville, TN.............................................................................................................................................",10.7,7.1,6.5,5.5,8.8,6.4,5.7,5.1,,,,,,,,,,
*,"Las Vegas-Henderson-Paradise, NV13..................................................................................................................",7.8,2.8,6.4,2.6,6.7,2.6,7.1,2.7,,,,,,,,,,
,"Little Rock-North Little Rock-Conway, AR..................................................................................................................",8.3,7.3,13.5,8.6,10.0,7.3,13.1,8.3,,,,,,,,,,
*,"Los Angeles-Long Beach-Anaheim, CA14...............................................................................................................",3.6,1.1,3.8,1.1,5.3,1.3,3.7,1.1,,,,,,,,,,
**,"Louisville/Jefferson County, KY-IN15..............................................................................................................................................................",9.4,5.9,7.7,5.4,7.7,5.3,6.3,5.2,,,,,,,,,,
**,"Memphis, TN-AR-MS.............................................................................................................................................",8.9,5.3,7.9,4.5,9.6,5.1,16.0,6.7,,,,,,,,,,
*,"Miami-Fort Lauderdale-West Palm Beach, FL16....................................................................................................................",6.1,2.4,6.0,2.3,8.3,2.6,7.6,2.5,,,,,,,,,,
,"Milwaukee-Waukesha-West Allis, WI........................................................................................................................................",7.5,4.4,7.8,4.8,1.9,2.8,8.3,5.9,,,,,,,,,,
**,"Minneapolis-St. Paul-Bloomington, MN-WI ...........................................................................................................................",4.5,3.0,4.1,2.9,3.3,2.4,4.7,2.9,,,,,,,,,,
**,"Nashville-Davidson-Murfreesboro-Franklin, TN17............................................................................................................................",8.4,4.7,9.6,5.0,7.4,4.2,5.5,3.5,,,,,,,,,,
,"New Haven-Milford, CT..............................................................................................................................................................",9.9,6.8,6.8,5.6,4.5,4.4,7.0,5.2,,,,,,,,,,
**,"New Orleans-Metairie, LA.18....................................................................................................................................",9.8,4.4,11.3,4.3,11.4,4.2,10.7,4.4,,,,,,,,,,
**,"New York-Newark-Jersey City, NY-NJ-PA19.......................................................................................................",4.8,1.0,4.6,1.0,4.9,1.0,4.0,0.9,,,,,,,,,,
,"North Port-Bradenton-Sarasota, FL.......................................................................................................",6.8,7.5,5.3,6.2,0.0,0.0,10.5,8.5,,,,,,,,,,
,"Oklahoma City, OK.............................................................................................................................................................................",10.7,4.7,11.5,5.5,7.8,4.1,10.0,4.4,,,,,,,,,,
,"Omaha-Council Bluffs, NE-IA........................................................................................................................................................",4.0,2.9,4.6,3.2,4.7,3.2,5.4,3.2,,,,,,,,,,
*,"Orlando-Kissimmee-Sanford, FL20............................................................................................................................................................................................",6.1,3.6,7.1,3.7,6.7,3.9,8.1,4.4,,,,,,,,,,
,"Philadelphia-Camden-Wilmington, PA-NJ-DE-MD21 .....................................................................................................................................",7.9,2.8,6.5,2.6,6.9,2.6,7.7,2.7,,,,,,,,,,
,"Phoenix-Mesa-Scottsdale, AZ.......................................................................................................................................",4.7,2.4,8.2,2.9,6.7,2.8,4.2,2.4,,,,,,,,,,
,"Pittsburgh, PA.....................................................................................................................................................................................................",6.8,4.3,13.1,6.2,10.9,5.5,8.5,4.8,,,,,,,,,,
,"Portland-Vancouver-Hillsboro, OR-WA22......................................................................................................................................",3.9,2.2,6.7,2.9,6.2,2.8,2.6,1.9,,,,,,,,,,
*,"Providence-Warwick, RI-MA23.........................................................................................................................",4.6,1.9,4.7,1.8,3.4,1.6,4.2,1.8,,,,,,,,,,
*,"Raleigh, NC24............................................................................................................................................................................",4.4,4.7,4.3,4.6,8.6,6.6,5.9,5.6,,,,,,,,,,
**,"Richmond, VA.........................................................................................................................................................................",7.0,5.5,10.7,7.3,5.6,5.0,6.0,5.1,,,,,,,,,,
*,"Riverside-San Bernardino-Ontario, CA..................................................................................................................................",6.7,3.0,6.6,2.9,5.2,2.6,3.8,2.3,,,,,,,,,,
**,"Rochester, NY...........................................................................................................................................................................................",5.1,4.8,4.2,4.6,9.3,6.7,7.6,5.9,,,,,,,,,,
,"Sacramento-Roseville-Arden-Arcade, CA25........................................................................................................................",1.2,1.6,5.9,3.5,5.8,3.7,4.5,3.3,,,,,,,,,,
**,"St. Louis, MO-IL..................................................................................................................................................................................",4.9,2.8,8.1,3.7,9.8,4.2,9.2,4.1,,,,,,,,,,
**,"Salt Lake City, UT....................................................................................................................................................................",3.8,3.4,6.0,3.8,9.3,4.7,5.2,3.7,,,,,,,,,,
*,"San Antonio-New Braunfels, TX26...........................................................................................................................................................................",13.4,5.2,10.0,4.6,10.1,4.8,12.5,5.4,,,,,,,,,,
*,"San Diego-Carlsbad, CA27.................................................................................................................................",3.6,2.3,3.6,2.3,5.8,2.8,2.7,2.0,,,,,,,,,,
*,"San Francisco-Oakland-Hayward, CA28....................................................................................................................................",4.3,2.1,4.4,2.1,3.3,1.9,4.8,2.2,,,,,,,,,,
,"San Jose-Sunnyvale-Santa Clara, CA...................................................................................................................................",5.4,3.4,3.5,3.0,2.4,2.3,1.4,1.8,,,,,,,,,,
*,"Seattle-Tacoma-Bellevue, WA........................................................................................................................................................",1.9,1.5,4.7,2.4,3.6,2.1,3.4,2.0,,,,,,,,,,
,"Syracuse, NY………………………………………….",13.6,9.9,3.5,4.7,5.2,6.4,4.1,6.0,,,,,,,,,,
,"Tampa-St. Petersburg-Clearwater, FL..............................................................................................................................................",10.6,4.1,10.6,3.9,9.6,3.7,7.8,3.4,,,,,,,,,,
**,"Toledo, OH………………………………………………..",4.6,6.0,8.8,8.0,12.6,9.7,12.8,10.7,,,,,,,,,,
,"Tucson, AZ ..........................................................................................................................................................................................................",7.9,5.5,8.5,5.9,6.8,5.1,4.0,4.6,,,,,,,,,,
,"Tulsa, OK....................................................................................................................................................................................................",9.9,5.2,6.0,4.6,8.5,5.2,9.3,5.6,,,,,,,,,,
,"Urban Honolulu, HI29..................................................................................................................................",9.4,3.3,8.6,2.8,7.3,2.6,6.9,2.8,,,,,,,,,,
**,"Virginia Beach-Norfolk-Newport News, VA-NC30...............................................................................................................................",8.6,5.6,8.1,5.3,10.1,5.7,5.8,4.5,,,,,,,,,,
**,"Washington-Arlington-Alexandria, DC-VA-MD-WV..........................................................................................",6.0,2.4,6.1,2.4,6.7,2.6,6.1,2.5,,,,,,,,,,
**,"Worcester, MA.........................................................................................................................................................................................",4.1,4.2,3.8,3.9,3.5,4.0,4.3,5.3,,,,,,,,,,
,,,,,,,,,,,,,,,,,,,
,,,,,,,,,,,,,,,,,,,
,,,,,,,,,,,,,,,,,,,
Table 4. Rental Vacancy Rates for the 75 Largest Metropolitan Statistical Areas: 2015 to 2020 - Continued,,,,,,,,,,,,,,,,,,,
,,,,,,,,,,,,,,,,,,,
,Metropolitan Statistical Area,First         Quarter       2016,Margin of Error2,Second         Quarter       2016,Margin of Error1,Third         Quarter       2016,Margin of Error1,Fourth         Quarter       2016,Margin of Error1,,,,,,,,,,
,,,,,,,,,,,,,,,,,,,
,,,,,,,,,,,,,,,,,,,
,,,,,,,,,,,,,,,,,,,
,,,,,,,,,,,,,,,,,,,
,"Akron, OH ................................................................................................................",12.4,9.1,10.9,10.9,8.0,10.0,5.2,8.0,,,,,,,,,,
,"Albany-Schenectady-Troy, NY .....................................................................",3.9,4.5,3.3,4.6,4.4,5.2,3.6,4.6,,,,,,,,,,
,"Albuquerque, NM...................................................................................................",6.4,3.5,5.9,3.3,8.1,3.8,11.6,4.3,,,,,,,,,,
,"Allentown-Bethlehem-Easton, PA-NJ..................................................................",5.0,5.4,2.6,4.9,4.5,6.4,4.6,6.7,,,,,,,,,,
**,"Atlanta-Sandy Springs-Roswell, GA1....................................................",5.3,2.0,7.6,2.8,5.7,2.4,6.4,2.6,,,,,,,,,,
,"Austin-Round Rock, TX.....................................................................................................",3.2,2.5,4.9,3.6,6.9,4.1,6.7,4.1,,,,,,,,,,
*,"Baltimore-Columbia-Towson, MD2.....................................................................................................",10.5,4.3,6.6,4.1,5.3,3.8,7.9,4.5,,,,,,,,,,
,"Baton Rouge, LA……………………………………….",10.0,6.9,6.4,4.4,8.5,5.5,4.7,4.1,,,,,,,,,,
,"Birmingham-Hoover, AL......................................................................................................",16.6,7.4,14.4,6.6,17.1,6.9,12.3,5.8,,,,,,,,,,
*,"Boston-Cambridge-Newton, MA-NH3...................................................................................",3.3,1.7,3.4,1.6,3.3,1.6,4.8,2.1,,,,,,,,,,
,"Bridgeport-Stamford-Norwalk, CT.....................................................................",5.6,5.0,8.7,6.7,9.4,7.2,7.5,6.7,,,,,,,,,,
*,"Buffalo-Cheektowaga-Niagara Falls, NY4...............................................................................",5.3,3.7,10.9,6.4,10.3,7.9,11.7,7.4,,,,,,,,,,
,"Cape Coral-Fort Myers, FL...................................................................................",8.3,7.6,7.4,9.7,1.1,3.6,6.5,8.6,,,,,,,,,,
,"Charleston-North Charleston-Summerville, SC....................................................................................................",7.8,6.8,15.8,8.6,10.1,6.5,15.7,9.9,,,,,,,,,,
**,"Charlotte-Concord-Gastonia, NC-SC5...................................................................................",10.6,4.4,6.9,4.5,5.2,3.7,7.2,4.5,,,,,,,,,,
*,"Chicago-Naperville-Elgin, IL-IN-WI6....................................................................................................",5.4,1.6,5.3,1.8,7.5,2.2,7.6,2.2,,,,,,,,,,
**,"Cincinnati, OH-KY-IN7............................................................................................",7.0,3.7,9.5,5.4,3.7,3.3,3.9,3.2,,,,,,,,,,
*,"Cleveland-Elyria, OH8..............................................................................................",3.1,2.5,6.8,4.4,7.2,4.4,10.5,5.1,,,,,,,,,,
,"Columbia, SC………………………………………….",7.2,5.9,3.7,4.3,4.4,5.1,5.5,5.7,,,,,,,,,,
**,"Columbus, OH............................................................................................................................................",6.6,3.2,5.6,3.8,5.4,3.8,6.7,4.1,,,,,,,,,,
**,"Dallas-Ft. Worth-Arlington, TX...........................................................................................................",5.2,1.7,5.7,2.1,7.2,2.3,9.2,2.7,,,,,,,,,,
**,"Dayton, OH...........................................................................................................................................................",18.3,9.2,5.8,7.4,11.6,9.0,5.5,6.5,,,,,,,,,,
*,"Denver-Aurora-Lakewood, CO9...............................................................................................................................",4.1,2.3,5.2,3.2,4.4,3.0,4.4,3.0,,,,,,,,,,
*,"Detroit-Warren-Dearborn, MI10....................................................................................................................",8.6,3.1,7.0,3.4,5.6,3.1,7.2,3.4,,,,,,,,,,
,"Fresno, CA………………………………………………",6.7,5.2,0.0,0.0,3.2,4.9,5.9,6.0,,,,,,,,,,
**,"Grand Rapids-Wyoming, MI....................................................................................................................................",4.1,5.3,3.5,5.6,6.9,7.3,5.8,7.6,,,,,,,,,,
,"Greensboro-High Point, NC............................................................................................................................",7.2,5.5,19.9,11.6,14.3,10.3,10.1,8.4,,,,,,,,,,
,"Hartford-West Hartford-East Hartford, CT................................................................................",4.8,3.6,5.7,4.8,5.0,5.0,10.9,6.1,,,,,,,,,,
**,"Houston-The Woodlands-Sugar Land, TX11....................................................................................................",9.3,2.4,8.2,2.7,8.9,2.8,10.8,3.0,,,,,,,,,,
**,"Indianapolis-Carmel-Anderson, IN12.............................................................................................................................................",7.6,3.7,6.2,4.2,11.1,5.1,11.7,5.2,,,,,,,,,,
,"Jacksonville, FL..........................................................................................................................................",9.5,4.9,7.2,5.0,8.5,5.7,8.0,5.7,,,,,,,,,,
**,"Kansas City, MO-KS.............................................................................................................................................",9.4,4.1,12.1,5.4,7.7,4.3,7.7,4.3,,,,,,,,,,
,"Knoxville, TN.............................................................................................................................................",1.4,3.1,5.8,5.7,7.7,6.8,9.5,7.6,,,,,,,,,,
*,"Las Vegas-Henderson-Paradise, NV13..................................................................................................................",6.5,2.1,9.3,3.0,5.2,2.3,5.3,2.5,,,,,,,,,,
,"Little Rock-North Little Rock-Conway, AR..................................................................................................................",9.7,6.3,11.3,5.5,11.5,5.2,15.8,6.2,,,,,,,,,,
*,"Los Angeles-Long Beach-Anaheim, CA14...............................................................................................................",3.0,0.9,3.2,1.1,3.0,1.0,2.4,0.9,,,,,,,,,,
**,"Louisville/Jefferson County, KY-IN15..............................................................................................................................................................",4.4,3.7,6.6,5.1,4.6,4.5,4.5,4.6,,,,,,,,,,
**,"Memphis, TN-AR-MS.............................................................................................................................................",10.2,5.5,8.4,4.9,7.8,4.6,11.9,6.1,,,,,,,,,,
*,"Miami-Fort Lauderdale-West Palm Beach, FL16....................................................................................................................",8.5,2.3,6.8,2.5,6.1,2.4,7.3,2.7,,,,,,,,,,
,"Milwaukee-Waukesha-West Allis, WI........................................................................................................................................",4.1,2.9,5.5,4.1,5.0,4.4,6.4,4.9,,,,,,,,,,
**,"Minneapolis-St. Paul-Bloomington, MN-WI ...........................................................................................................................",3.6,2.3,5.2,3.3,3.1,2.6,3.2,2.6,,,,,,,,,,
**,"Nashville-Davidson-Murfreesboro-Franklin, TN17............................................................................................................................",3.8,3.3,4.5,3.4,5.6,3.7,5.3,3.7,,,,,,,,,,
,"New Haven-Milford, CT..............................................................................................................................................................",7.5,5.2,6.8,5.5,7.6,6.1,7.6,6.3,,,,,,,,,,
**,"New Orleans-Metairie, LA.18....................................................................................................................................",16.9,7.1,11.4,4.4,9.5,3.9,7.8,3.8,,,,,,,,,,
**,"New York-Newark-Jersey City, NY-NJ-PA19.......................................................................................................",5.2,0.9,4.9,1.1,4.2,1.0,4.4,1.0,,,,,,,,,,
,"North Port-Bradenton-Sarasota, FL.......................................................................................................",7.8,7.2,16.8,14.7,5.0,7.3,11.3,9.5,,,,,,,,,,
,"Oklahoma City, OK.............................................................................................................................................................................",14.9,5.7,11.2,5.0,8.3,4.5,9.2,4.3,,,,,,,,,,
,"Omaha-Council Bluffs, NE-IA........................................................................................................................................................",6.3,3.9,3.9,3.3,7.8,4.6,8.4,4.5,,,,,,,,,,
*,"Orlando-Kissimmee-Sanford, FL20............................................................................................................................................................................................",7.8,3.6,7.6,4.1,6.0,3.8,5.0,3.6,,,,,,,,,,
,"Philadelphia-Camden-Wilmington, PA-NJ-DE-MD21 .....................................................................................................................................",6.9,2.2,5.9,2.6,7.5,2.8,6.8,2.7,,,,,,,,,,
,"Phoenix-Mesa-Scottsdale, AZ.......................................................................................................................................",4.0,2.0,6.0,2.8,6.1,2.7,7.1,3.0,,,,,,,,,,
,"Pittsburgh, PA.....................................................................................................................................................................................................",9.1,4.6,7.7,4.8,7.3,4.9,5.7,4.3,,,,,,,,,,
,"Portland-Vancouver-Hillsboro, OR-WA22......................................................................................................................................",6.6,3.3,4.9,2.7,5.6,2.9,3.1,2.1,,,,,,,,,,
*,"Providence-Warwick, RI-MA23.........................................................................................................................",2.6,1.2,2.5,1.4,3.2,1.6,6.7,2.3,,,,,,,,,,
*,"Raleigh, NC24............................................................................................................................................................................",4.4,3.8,4.4,5.0,4.2,5.5,4.2,4.5,,,,,,,,,,
**,"Richmond, VA.........................................................................................................................................................................",0.0,0.0,4.4,4.6,12.8,7.4,6.5,5.6,,,,,,,,,,
*,"Riverside-San Bernardino-Ontario, CA..................................................................................................................................",6.9,2.7,6.0,3.0,4.8,2.7,4.8,2.9,,,,,,,,,,
**,"Rochester, NY...........................................................................................................................................................................................",5.9,4.0,3.5,4.5,8.1,5.7,7.4,5.4,,,,,,,,,,
,"Sacramento-Roseville-Arden-Arcade, CA25........................................................................................................................",5.9,3.0,8.2,4.5,4.1,3.3,5.1,3.6,,,,,,,,,,
**,"St. Louis, MO-IL..................................................................................................................................................................................",12.2,4.0,5.5,3.4,9.5,4.5,6.6,3.6,,,,,,,,,,
**,"Salt Lake City, UT....................................................................................................................................................................",4.6,3.4,5.6,3.8,8.1,4.7,7.4,5.3,,,,,,,,,,
*,"San Antonio-New Braunfels, TX26...........................................................................................................................................................................",10.3,4.2,7.2,4.1,10.2,5.0,13.6,5.6,,,,,,,,,,
*,"San Diego-Carlsbad, CA27.................................................................................................................................",3.9,2.0,1.4,1.5,2.9,2.2,3.2,2.3,,,,,,,,,,
*,"San Francisco-Oakland-Hayward, CA28....................................................................................................................................",3.7,1.7,3.1,1.9,4.6,2.2,3.0,1.9,,,,,,,,,,
,"San Jose-Sunnyvale-Santa Clara, CA...................................................................................................................................",6.4,3.4,4.2,3.3,3.7,2.9,3.8,3.1,,,,,,,,,,
*,"Seattle-Tacoma-Bellevue, WA........................................................................................................................................................",4.4,2.0,2.7,1.9,2.7,1.9,3.4,2.2,,,,,,,,,,
,"Syracuse, NY………………………………………….",5.9,6.6,6.6,7.4,6.1,6.7,7.1,6.8,,,,,,,,,,
,"Tampa-St. Petersburg-Clearwater, FL..............................................................................................................................................",7.9,3.3,5.9,3.3,9.2,4.0,11.6,4.4,,,,,,,,,,
**,"Toledo, OH………………………………………………..",10.3,8.4,5.7,7.1,4.9,5.7,5.8,7.3,,,,,,,,,,
,"Tucson, AZ ..........................................................................................................................................................................................................",9.7,5.2,11.5,6.9,9.1,6.3,9.2,5.9,,,,,,,,,,
,"Tulsa, OK....................................................................................................................................................................................................",6.9,4.8,4.7,4.4,10.3,5.6,10.2,5.9,,,,,,,,,,
,"Urban Honolulu, HI29..................................................................................................................................",8.0,3.1,10.1,3.4,12.6,3.6,5.9,2.8,,,,,,,,,,
**,"Virginia Beach-Norfolk-Newport News, VA-NC30...............................................................................................................................",11.5,5.0,5.2,4.1,8.4,5.5,8.1,5.3,,,,,,,,,,
**,"Washington-Arlington-Alexandria, DC-VA-MD-WV..........................................................................................",6.2,2.1,5.5,2.4,6.5,2.6,5.9,2.5,,,,,,,,,,
**,"Worcester, MA.........................................................................................................................................................................................",4.8,4.8,3.2,3.8,5.5,5.2,0.7,2.2,,,,,,,,,,
,,,,,,,,,,,,,,,,,,,
,,,,,,,,,,,,,,,,,,,
,,,,,,,,,,,,,,,,,,,
Table 4. Rental Vacancy Rates for the 75 Largest Metropolitan Statistical Areas: 2015 to 2020 - Continued,,,,,,,,,,,,,,,,,,,
,,,,,,,,,,,,,,,,,,,
,Metropolitan Statistical Area,First Quarter 2015,Margin of Error3,Second Quarter 2015,Margin of Error3,Third Quarter 2015,Margin of Error3,Fourth Quarter 2015,Margin of Error3,,,,,,,,,,
,,,,,,,,,,,,,,,,,,,
,,,,,,,,,,,,,,,,,,,
,,,,,,,,,,,,,,,,,,,
,,,,,,,,,,,,,,,,,,,
,"Akron, OH ................................................................................................................",3.5,5.1,14.6,9.7,19.9,11.9,10.3,8.9,,,,,,,,,,
,"Albany-Schenectady-Troy, NY .....................................................................",9.6,6.8,7.9,5.7,5.6,5.1,3.0,3.9,,,,,,,,,,
,"Albuquerque, NM...................................................................................................",7.3,3.3,7.7,3.3,7.4,3.6,6.4,3.5,,,,,,,,,,
,"Allentown-Bethlehem-Easton, PA-NJ..................................................................",3.5,4.6,3.4,5.1,6.0,6.3,2.4,3.7,,,,,,,,,,
**,"Atlanta-Sandy Springs-Roswell, GA1....................................................",9.5,2.5,8.4,2.3,7.9,2.3,6.8,2.3,,,,,,,,,,
,"Austin-Round Rock, TX.....................................................................................................",6.6,3.5,4.5,3.1,9.4,4.3,3.4,2.6,,,,,,,,,,
*,"Baltimore-Columbia-Towson, MD2.....................................................................................................",9.2,3.8,7.3,3.5,7.8,3.6,6.9,3.4,,,,,,,,,,
,"Baton Rouge, LA……………………………………….",7.4,6.3,8.0,6.0,7.4,5.9,8.5,6.8,,,,,,,,,,
,"Birmingham-Hoover, AL......................................................................................................",13.1,7.1,18.1,8.0,19.4,8.9,20.1,8.2,,,,,,,,,,
*,"Boston-Cambridge-Newton, MA-NH3...................................................................................",4.1,1.9,2.6,1.5,2.8,1.5,4.0,1.8,,,,,,,,,,
,"Bridgeport-Stamford-Norwalk, CT.....................................................................",4.4,4.8,8.7,6.1,9.6,6.1,5.1,4.5,,,,,,,,,,
*,"Buffalo-Cheektowaga-Niagara Falls, NY4...............................................................................",10.2,5.4,18.7,7.0,15.1,7.1,4.2,3.6,,,,,,,,,,
,"Cape Coral-Fort Myers, FL...................................................................................",3.1,4.7,2.2,4.1,4.1,4.9,6.4,6.9,,,,,,,,,,
,"Charleston-North Charleston-Summerville, SC....................................................................................................",8.0,6.9,8.0,7.6,8.8,7.8,10.2,7.8,,,,,,,,,,
**,"Charlotte-Concord-Gastonia, NC-SC5...................................................................................",7.4,3.7,8.6,3.8,3.9,2.6,5.7,3.4,,,,,,,,,,
*,"Chicago-Naperville-Elgin, IL-IN-WI6....................................................................................................",8.9,1.9,7.2,1.7,8.0,1.8,5.5,1.5,,,,,,,,,,
**,"Cincinnati, OH-KY-IN7............................................................................................",10.6,4.7,15.2,5.1,8.9,4.2,6.0,3.2,,,,,,,,,,
*,"Cleveland-Elyria, OH8..............................................................................................",4.1,2.9,6.1,3.3,8.8,4.3,10.9,4.5,,,,,,,,,,
,"Columbia, SC………………………………………….",5.3,5.7,8.1,6.5,8.2,7.0,10.4,7.5,,,,,,,,,,
**,"Columbus, OH............................................................................................................................................",7.4,3.5,5.5,3.1,5.8,3.2,7.4,3.6,,,,,,,,,,
**,"Dallas-Ft. Worth-Arlington, TX...........................................................................................................",7.6,2.0,6.2,1.7,11.2,2.3,8.7,2.1,,,,,,,,,,
**,"Dayton, OH...........................................................................................................................................................",9.4,6.5,7.0,5.3,10.9,7.4,10.8,7.0,,,,,,,,,,
*,"Denver-Aurora-Lakewood, CO9...............................................................................................................................",3.8,2.3,4.3,2.5,6.6,3.2,4.6,2.8,,,,,,,,,,
*,"Detroit-Warren-Dearborn, MI10....................................................................................................................",7.2,3.0,8.5,3.1,5.3,2.6,5.9,2.8,,,,,,,,,,
,"Fresno, CA………………………………………………",8.2,5.7,4.3,4.1,5.0,5.0,4.6,4.7,,,,,,,,,,
**,"Grand Rapids-Wyoming, MI....................................................................................................................................",9.1,7.0,2.5,3.7,0.9,2.4,4.8,5.6,,,,,,,,,,
,"Greensboro-High Point, NC............................................................................................................................",17.9,8.8,9.5,8.6,1.0,2.7,8.0,6.3,,,,,,,,,,
,"Hartford-West Hartford-East Hartford, CT................................................................................",4.0,3.6,5.6,4.2,5.1,3.9,9.3,5.0,,,,,,,,,,
**,"Houston-The Woodlands-Sugar Land, TX11....................................................................................................",9.7,2.4,7.9,2.3,9.7,2.5,11.0,2.6,,,,,,,,,,
**,"Indianapolis-Carmel-Anderson, IN12.............................................................................................................................................",7.2,3.9,11.2,4.8,11.1,4.6,4.5,2.9,,,,,,,,,,
,"Jacksonville, FL..........................................................................................................................................",12.2,5.6,12.5,5.3,9.2,5.0,5.6,3.8,,,,,,,,,,
**,"Kansas City, MO-KS.............................................................................................................................................",11.3,4.5,5.0,3.1,6.9,3.5,8.5,4.2,,,,,,,,,,
,"Knoxville, TN.............................................................................................................................................",13.5,9.6,9.5,7.2,3.9,4.5,5.0,5.1,,,,,,,,,,
*,"Las Vegas-Henderson-Paradise, NV13..................................................................................................................",7.2,2.3,7.8,2.2,6.5,2.1,7.4,2.3,,,,,,,,,,
,"Little Rock-North Little Rock-Conway, AR..................................................................................................................",15.7,7.6,15.0,6.3,10.4,5.4,10.2,6.3,,,,,,,,,,
*,"Los Angeles-Long Beach-Anaheim, CA14...............................................................................................................",3.8,1.0,3.0,0.9,3.6,0.9,2.7,0.8,,,,,,,,,,
**,"Louisville/Jefferson County, KY-IN15..............................................................................................................................................................",3.8,3.4,4.4,4.3,7.6,5.8,7.8,5.2,,,,,,,,,,
**,"Memphis, TN-AR-MS.............................................................................................................................................",8.2,4.4,11.8,5.2,12.6,6.1,10.7,5.4,,,,,,,,,,
*,"Miami-Fort Lauderdale-West Palm Beach, FL16....................................................................................................................",6.3,2.0,5.7,1.9,6.6,2.0,7.0,2.1,,,,,,,,,,
,"Milwaukee-Waukesha-West Allis, WI........................................................................................................................................",4.9,3.4,4.9,3.3,2.8,2.4,5.6,3.4,,,,,,,,,,
**,"Minneapolis-St. Paul-Bloomington, MN-WI ...........................................................................................................................",4.4,2.7,6.7,2.9,3.9,2.2,4.2,2.4,,,,,,,,,,
**,"Nashville-Davidson-Murfreesboro-Franklin, TN17............................................................................................................................",7.0,4.8,4.8,3.4,4.5,3.4,3.7,3.1,,,,,,,,,,
,"New Haven-Milford, CT..............................................................................................................................................................",7.5,5.4,4.0,3.9,2.8,3.3,9.9,6.6,,,,,,,,,,
**,"New Orleans-Metairie, LA.18....................................................................................................................................",12.5,6.7,9.1,5.2,9.9,5.2,9.3,5.6,,,,,,,,,,
**,"New York-Newark-Jersey City, NY-NJ-PA19.......................................................................................................",3.1,0.7,4.5,0.8,4.5,0.8,4.5,0.9,,,,,,,,,,
,"North Port-Bradenton-Sarasota, FL.......................................................................................................",3.3,5.1,14.0,10.0,5.0,5.9,10.8,8.0,,,,,,,,,,
,"Oklahoma City, OK.............................................................................................................................................................................",4.7,3.5,6.8,4.0,10.0,4.7,8.6,4.4,,,,,,,,,,
,"Omaha-Council Bluffs, NE-IA........................................................................................................................................................",7.6,4.5,6.5,3.9,8.6,4.4,3.4,2.6,,,,,,,,,,
*,"Orlando-Kissimmee-Sanford, FL20............................................................................................................................................................................................",9.2,3.9,7.0,3.6,8.8,3.7,7.0,3.3,,,,,,,,,,
,"Philadelphia-Camden-Wilmington, PA-NJ-DE-MD21 .....................................................................................................................................",9.8,2.7,6.6,2.2,7.3,2.4,6.8,2.3,,,,,,,,,,
,"Phoenix-Mesa-Scottsdale, AZ.......................................................................................................................................",8.1,2.8,6.3,2.5,6.3,2.5,4.3,2.0,,,,,,,,,,
,"Pittsburgh, PA.....................................................................................................................................................................................................",9.5,4.5,4.4,2.8,7.8,3.8,7.5,4.2,,,,,,,,,,
,"Portland-Vancouver-Hillsboro, OR-WA22......................................................................................................................................",2.7,2.1,3.5,2.3,5.1,2.8,2.4,1.9,,,,,,,,,,
*,"Providence-Warwick, RI-MA23.........................................................................................................................",3.5,1.5,2.4,1.3,3.6,1.4,3.7,1.5,,,,,,,,,,
*,"Raleigh, NC24............................................................................................................................................................................",4.8,4.5,3.1,3.7,3.2,3.9,12.3,5.8,,,,,,,,,,
**,"Richmond, VA.........................................................................................................................................................................",6.5,4.8,7.4,4.8,4.7,4.0,3.4,3.9,,,,,,,,,,
*,"Riverside-San Bernardino-Ontario, CA..................................................................................................................................",6.4,2.5,6.3,2.5,6.7,2.6,8.5,2.9,,,,,,,,,,
**,"Rochester, NY...........................................................................................................................................................................................",6.4,4.6,5.4,4.8,8.3,5.5,5.8,4.3,,,,,,,,,,
,"Sacramento-Roseville-Arden-Arcade, CA25........................................................................................................................",4.3,2.7,4.7,2.9,6.1,3.1,6.3,3.3,,,,,,,,,,
**,"St. Louis, MO-IL..................................................................................................................................................................................",8.6,3.6,8.7,3.8,13.9,4.6,7.4,3.2,,,,,,,,,,
**,"Salt Lake City, UT....................................................................................................................................................................",5.2,3.6,5.3,3.3,6.7,3.6,5.8,4.0,,,,,,,,,,
*,"San Antonio-New Braunfels, TX26...........................................................................................................................................................................",9.6,4.2,9.3,4.1,8.5,4.0,11.3,5.0,,,,,,,,,,
*,"San Diego-Carlsbad, CA27.................................................................................................................................",4.6,2.2,2.3,1.5,2.0,1.5,4.8,2.2,,,,,,,,,,
*,"San Francisco-Oakland-Hayward, CA28....................................................................................................................................",3.6,1.6,3.7,1.7,3.6,1.7,3.5,1.7,,,,,,,,,,
,"San Jose-Sunnyvale-Santa Clara, CA...................................................................................................................................",4.7,3.1,4.4,2.9,3.1,2.3,2.5,2.0,,,,,,,,,,
*,"Seattle-Tacoma-Bellevue, WA........................................................................................................................................................",5.0,2.2,4.0,2.1,2.0,1.5,3.9,2.0,,,,,,,,,,
,"Syracuse, NY………………………………………….",12.1,7.9,10.3,7.2,7.1,5.9,7.3,6.4,,,,,,,,,,
,"Tampa-St. Petersburg-Clearwater, FL..............................................................................................................................................",4.0,2.5,8.0,3.2,7.1,3.0,7.2,3.2,,,,,,,,,,
**,"Toledo, OH………………………………………………..",11.5,7.9,4.4,5.0,9.3,6.9,11.9,8.6,,,,,,,,,,
,"Tucson, AZ ..........................................................................................................................................................................................................",9.7,5.7,7.5,5.3,10.3,5.6,12.6,6.1,,,,,,,,,,
,"Tulsa, OK....................................................................................................................................................................................................",9.2,6.2,10.9,6.4,9.4,5.6,7.7,5.1,,,,,,,,,,
,"Urban Honolulu, HI29..................................................................................................................................",9.0,3.5,7.5,2.9,7.3,3.1,6.0,2.8,,,,,,,,,,
**,"Virginia Beach-Norfolk-Newport News, VA-NC30...............................................................................................................................",8.6,4.3,4.6,3.2,6.5,4.1,10.3,4.6,,,,,,,,,,
**,"Washington-Arlington-Alexandria, DC-VA-MD-WV..........................................................................................",4.6,1.9,5.2,2.0,5.8,2.1,7.4,2.3,,,,,,,,,,
**,"Worcester, MA.........................................................................................................................................................................................",4.5,5.0,1.4,2.5,1.6,2.8,4.7,4.9,,,,,,,,,,
,,,,,,,,,,,,,,,,,,,
Footnotes:,,,,,,,,,,,,,,,,,,,
"Source: Current Population Survey/Housing Vacancy Survey, U.S. Census Bureau, Washington, DC 20233",,,,,,,,,,,,,,,,,,,
,,,,,,,,,,,,,,,,,,,
(z) Less than 0.05.   ,,,,,,,,,,,,,,,,,,,
,,,,,,,,,,,,,,,,,,,
"1 A margin of error is a measure of an estimate’s reliability. The larger the margin of error in relation to the size of the estimate, ",,,,,,,,,,,,,,,,,,,
"the less reliable the estimate. This number, when added to and subtracted from the estimate, forms the 90 percent confidence interval. ",,,,,,,,,,,,,,,,,,,
,,,,,,,,,,,,,,,,,,,
2 Margins of error from the first quarter 2005 through the first quarter 2016 were calculated based on the same set of parameters. ,,,,,,,,,,,,,,,,,,,
"Beginning in the second quarter 2016, the parameters were updated to reflect the population size of each MSA. ",,,,,,,,,,,,,,,,,,,
,,,,,,,,,,,,,,,,,,,
3 Data from 2015 and later are based on 2010 metropolitan/nonmetropolitan definitions. See Source and Accuracy section for explanation.,,,,,,,,,,,,,,,,,,,
,,,,,,,,,,,,,,,,,,,
*  Boundaries did not change as a result of the 2010 Decennial Census of Population,,,,,,,,,,,,,,,,,,,
   and Housing; one or more central city/cities added or deleted.,,,,,,,,,,,,,,,,,,,
** Boundaries changed as a result of the 2010 Decennial Census of Population,,,,,,,,,,,,,,,,,,,
   and Housing; one or more county/counties added or deleted.,,,,,,,,,,,,,,,,,,,
,,,,,,,,,,,,,,,,,,,
"1 Formerly titled Atlanta-Sandy Springs-Marietta, GA.",,,,,,,,,,,,,,,,,,,
"2 Formerly titled Baltimore-Towson, MD.",,,,,,,,,,,,,,,,,,,
"3 Formerly titled Boston-Cambridge-Quincy, MA-NH.",,,,,,,,,,,,,,,,,,,
"4 Formerly titled Buffalo-Cheektowaga-Tonawanda, NY.",,,,,,,,,,,,,,,,,,,
"5 Formerly titled Charlotte-Gastonia-Concord, NC-SC.",,,,,,,,,,,,,,,,,,,
"6 Formerly titled Chicago-Naperville-Joliet, IL.",,,,,,,,,,,,,,,,,,,
"7 Formerly titled Cincinnati-Middletown, OH-KY-IN.",,,,,,,,,,,,,,,,,,,
"8 Formerly titled Cleveland-Elyria-Mentor, OH.",,,,,,,,,,,,,,,,,,,
"9 Formerly titled Denver-Aurora, CO.",,,,,,,,,,,,,,,,,,,
"10 Formerly titled Detroit-Warren-Livonia, MI.",,,,,,,,,,,,,,,,,,,
"11 Formerly titled Houston-Baytown-Sugar Land, TX.",,,,,,,,,,,,,,,,,,,
"12 Formerly titled Indianapolis, IN.",,,,,,,,,,,,,,,,,,,
"13 Formerly titled Las Vegas-Paradise, NV.",,,,,,,,,,,,,,,,,,,
"14 Formerly titled Los Angeles-Long Beach-Santa Ana, CA.",,,,,,,,,,,,,,,,,,,
"15 Formerly titled Louisville, KY-IN.",,,,,,,,,,,,,,,,,,,
"16 Formerly titled Miami-Fort Lauderdale-Miami Beach, FL.",,,,,,,,,,,,,,,,,,,
"17 Formerly titled Nashville-Davidson-Murfreesboro, TN.",,,,,,,,,,,,,,,,,,,
"18 Formerly titled New Orleans-Metairie-Kenner, LA.",,,,,,,,,,,,,,,,,,,
"19 Formerly titled New York-Northern New Jersey--Long Island, NY.",,,,,,,,,,,,,,,,,,,
"20 Formerly titled Orlando, FL.",,,,,,,,,,,,,,,,,,,
"21 Formerly titled Philadelphia-Camden-Wilmington, PA.",,,,,,,,,,,,,,,,,,,
"22 Formerly titled Portland-Vancouver-Beaverton, OR-WA.",,,,,,,,,,,,,,,,,,,
23 Formerly titled Providence-New Bedford-Fall River RI-MA.,,,,,,,,,,,,,,,,,,,
"24 Formerly titled Raleigh-Cary, NC.",,,,,,,,,,,,,,,,,,,
"25 Formerly titled Sacramento-Arden-Arcade-Roseville, CA.",,,,,,,,,,,,,,,,,,,
"26 Formerly titled San Antonio, TX.",,,,,,,,,,,,,,,,,,,
"27 Formerly titled San Diego-Carlsbad-San Marco, CA.",,,,,,,,,,,,,,,,,,,
"28 Formerly titled San Francisco-Oakland-Fremont, CA.",,,,,,,,,,,,,,,,,,,
"29 Formerly titled Honolulu, HI.",,,,,,,,,,,,,,,,,,,
"30 Formerly titled Virginia Beach-Norfolk-Newport News, VA.",,,,,,,,,,,,,,,,,,,
,,,,,,,,,,,,,,,,,,,
,,,,,,,,,,,,,,,,,,,